济生路电话分局旧址,114.286698,30.582471,2075,5,34.58333333
中共五大会址纪念馆,114.3053,30.556493,2555,5,42.58333333
首地云梦台,114.294876,30.660439,3400,5,56.66666667
光谷科技港,114.406322,30.461976,4638,5,77.3
马鞍山森林公园-湿地公园,114.438673,30.535619,5284,5,88.06666667
后官湖湿地公园,114.07503,30.551139,5687,5,94.78333333
武汉野战国防园,113.98201,30.487962,7499,5,124.9833333
木兰花乡旅游风景区,114.394268,31.243822,9264,5,154.4
宋庆龄汉口旧居纪念馆,114.308773,30.592172,1863,4.9,31.05
武汉二七纪念馆,114.330712,30.64069,2003,4.8,33.38333333
武汉国际博览中心-B馆,114.248893,30.515665,2822,4.8,47.03333333
武汉市江夏中央大公园,114.32272,30.386707,3840,4.8,64
石门峰纪念公园,114.494342,30.519637,6727,4.8,112.1166667
解放公园,114.304546,30.614185,1685,4.7,28.08333333
黎黄陂路街头博物馆,114.308826,30.592207,1863,4.7,31.05
江汉关博物馆,114.30403,30.581695,2135,4.7,35.58333333
堤角公园,114.344703,30.667607,2293,4.7,38.21666667
汉口江滩芦苇荡,114.323223,30.611724,2358,4.7,39.3
东湖生态旅游风景区-听涛景区,114.381692,30.573998,3019,4.7,50.31666667
武汉欢乐谷,114.399429,30.59723,3101,4.7,51.68333333
武汉海昌极地海洋公园,114.285069,30.67007,3107,4.7,51.78333333
金银湖国家城市湿地公园,114.193838,30.647263,3180,4.7,53
青山公园,114.414695,30.643937,3280,4.7,54.66666667
盘龙城国家考古遗址公园,114.275858,30.700211,3302,4.7,55.03333333
中国地质大学逸夫博物馆,114.40699,30.523685,3602,4.7,60.03333333
东湖梅园,114.413254,30.546719,4480,4.7,74.66666667
东湖落雁景区,114.442959,30.565409,6122,4.7,102.0333333
武汉园博园,114.222347,30.632221,1853,4.6,30.88333333
吴佩孚公馆旧址,114.296916,30.590487,1857,4.6,30.95
武汉杜莎夫人蜡像馆,114.350992,30.561264,1921,4.6,32.01666667
汉口江滩,114.324321,30.613846,1925,4.6,32.08333333
武汉自由时刻体育公园,114.360803,30.581241,1988,4.6,33.13333333
江汉关大楼旧址,114.304163,30.582065,2139,4.6,35.65
武汉博物馆,114.263081,30.617735,2220,4.6,37
湖北省博物馆,114.371879,30.567828,2329,4.6,38.81666667
东湖生态旅游风景区-梨园,114.381562,30.580049,2379,4.6,39.65
武汉革命博物馆,114.306917,30.559296,2389,4.6,39.81666667
汉阳江滩,114.286939,30.553138,2421,4.6,40.35
汉阳树,114.277296,30.553814,2553,4.6,42.55
武汉长江大桥建成纪念碑,114.300509,30.552037,2601,4.6,43.35
武汉东湖海洋乐园,114.386792,30.580246,2705,4.6,45.08333333
张之洞与武汉博物馆,114.249395,30.566294,2997,4.6,49.95
晴川阁景区,114.291314,30.561284,3361,4.6,56.01666667
武汉植物园,114.429948,30.550553,3901,4.6,65.01666667
磨山景区,114.419704,30.554438,4441,4.6,74.01666667
武汉花博汇,114.083012,30.494232,6279,4.6,104.65
木兰草原风景区,114.467058,30.965057,8065,4.6,134.4166667
木兰天池,114.291544,31.183693,9072,4.6,151.2
首义公园,114.320165,30.547674,1303,4.5,21.71666667
宝通禅寺,114.347202,30.538026,1588,4.5,26.46666667
汉口水塔,114.296693,30.584657,1799,4.5,29.98333333
汉口里,114.231369,30.626129,1875,4.5,31.25
首善堂,114.305489,30.593532,2052,4.5,34.2
玛雅海滩水公园,114.403582,30.601424,2139,4.5,35.65
黄鹤楼,114.309043,30.550317,2203,4.5,36.71666667
汉阳公园,114.275846,30.556796,2341,4.5,39.01666667
武昌廉政文化公园,114.306432,30.556278,2411,4.5,40.18333333
古德寺,114.314118,30.624312,2427,4.5,40.45
~口公园,114.263404,30.576552,2490,4.5,41.5
龟山风景区,114.274523,30.560653,2611,4.5,43.51666667
归元禅寺,114.265693,30.551579,2693,4.5,44.88333333
常青公园,114.244426,30.626637,2843,4.5,47.38333333
东湖生态旅游风景区,114.420005,30.557869,2905,4.5,48.41666667
谭鑫培公园,114.330318,30.375272,2914,4.5,48.56666667
武汉动物园,114.248496,30.548359,3084,4.5,51.4
多莫大教堂,114.413194,30.508348,3157,4.5,52.61666667
东湖绿道,114.448108,30.560913,5859,4.5,97.65
木兰山,114.399456,31.108406,8373,4.5,139.55
黄陂木兰文化生态旅游区,114.403265,31.099165,9623,4.5,160.3833333
湖北大学,114.340713,30.58292,0,4.4,0
紫阳公园,114.311781,30.536059,1836,4.4,30.6
武汉美术馆,114.299543,30.58978,1889,4.4,31.48333333
辛亥革命博物馆,114.312357,30.542703,2002,4.4,33.36666667
武昌江滩,114.308665,30.564553,2027,4.4,33.78333333
宝岛公园,114.290888,30.603562,2036,4.4,33.93333333
湖北美术馆,114.371902,30.570295,2183,4.4,36.38333333
黄鹤楼公园,114.312194,30.549265,2209,4.4,36.81666667
八七会议会址纪念馆,114.306376,30.592243,2255,4.4,37.58333333
汤湖公园,114.168803,30.470829,4839,4.4,80.65
木兰水镇旅游景区,114.435298,30.96547,8099,4.4,134.9833333
木兰清凉寨,114.223129,31.301474,8373,4.4,139.55
武汉姚家山风景区,114.200322,31.25758,14254,4.4,237.5666667
昙华林,114.315578,30.557656,1574,4.3,26.23333333
首义广场,114.312126,30.543105,2210,4.3,36.83333333
和平公园,114.392493,30.640541,3143,4.3,52.38333333
万林艺术博物馆,114.369636,30.542966,3234,4.3,53.9
墨水湖公园,114.221244,30.554838,3597,4.3,59.95
府河湿地,114.190862,30.728056,7627,4.3,127.1166667
锦里沟,114.233116,31.278887,10584,4.3,176.4
武汉国际会议中心,114.250672,30.5122,3449,4.2,57.48333333
大余湾,114.378543,31.032703,8765,4.2,146.0833333
凤娃古寨旅游风景,114.760832,30.916743,10603,4.2,176.7166667
武汉九峰山森林动物园,114.497517,30.507093,6504,4.1,108.4
马鞍山森林公园,114.453804,30.525509,6572,4.1,109.5333333
道观河风景旅游区,115.00976,30.879218,12663,4.1,211.05
合美术馆,114.330573,30.47614,2404,4,40.06666667
维佳童话镇,114.37462,30.600035,2531,4,42.18333333
莲花湖公园,114.284529,30.55679,3118,3.8,51.96666667
龙泉山,114.522843,30.417594,9403,3.8,156.7166667
武汉科学技术馆(新馆),114.306519,30.584887,2261,3.7,37.68333333
白云洞景区,114.294977,30.352154,5561,3.6,92.68333333
木兰湖风景区,114.477954,31.102567,9290,3.6,154.8333333
武昌城市公园,114.326784,30.53068,2218,3.5,36.96666667
农耕年华农业风情园,114.467636,30.725895,5982,3.5,99.7
张公山寨度假山庄,114.511584,30.594996,7705,3.1,128.4166667
国货商场旧址,114.296684,30.58743,1737,3,28.95
汉阳造广告创意园,114.274014,30.561859,2517,3,41.95
武汉江滩,114.311104,30.591177,2575,3,42.91666667
武汉自然博物馆,114.229214,30.630478,4075,3,67.91666667
星空失恋博物馆,114.41587,30.506961,3423,1.5,57.05
辛亥革命武昌起义纪念馆,114.312911,30.547866,2082,0,34.7
知音号服务中心,114.317119,30.602596,2102,0,35.03333333
平和打包厂旧址,114.304258,30.58793,2212,0,36.86666667
毛泽东同志旧居,114.305815,30.556688,2590,0,43.16666667
梵高星空艺术馆,114.195923,30.539707,3114,0,51.9
武汉大学樱园,114.369037,30.545372,3325,0,55.41666667
公园家,114.404496,30.630262,3330,0,55.5
武汉28街,114.268971,30.720508,3664,0,61.06666667
东湖音乐公园,114.420846,30.543991,4165,0,69.41666667
马鞍山森林公园-烧烤区,114.441192,30.531083,5679,0,94.65
武汉市九峰山革命烈士陵园,114.510969,30.514009,5992,0,99.86666667
武汉市中山舰博物馆,114.139869,30.351522,6654,0,110.9
孝恩园公墓,114.504545,30.401576,7662,0,127.7
问津书院,114.90328,30.801328,9517,0,158.6166667
